{
    "dnn_dropout": 0.21808731420553917,
    "l2_reg_embedding": 0.0012235776482521859,
    "l2_reg_linear": 0.001017481709190226,
    "l2_reg_dnn": 0.00548339099151988,
    "trials": 28,
    "num_layers": 3,
    "start": 256,
    "lr": 0.00698135409279391
  }