{
    "dnn_dropout": 0.3444209355032415,
    "l2_reg_embedding": 0.004617505794106905,
    "l2_reg_linear": 0.00004561003389761619,
    "l2_reg_dnn": 0.005616631061636492,
    "trials": 14,
    "num_layers": 2,
    "start": 256,
    "lr": 0.009448207882844778
  }