{"n_estimators": 4125, "max_depth": 5, "num_leaves": 157, "subsample_freq": 10, "subsample": 0.6387797274179033, "learning_rate": 0.007091865907936411, "colsample_bytree": 0.7662948962424984, "colsample_bynode": 0.6299064161238109, "reg_lambda": 4.9734528756358864, "reg_alpha": 1.1691814183540794, "max_bin": 9, "min_split_gain": 0.005197117629778156, "min_child_weight": 0.09368821665246879, "min_child_samples": 88, "extra_trees": true}