{"n_estimators": 2859, "max_depth": 8, "num_leaves": 882, "subsample_freq": 19, "subsample": 0.3705181947091746, "learning_rate": 0.007810872085399161, "colsample_bytree": 0.7650043734448116, "colsample_bynode": 0.955447735535835, "reg_lambda": 8.114557940371932e-05, "reg_alpha": 1.5130204151838705e-05, "max_bin": 87, "min_split_gain": 9.71665891538136e-06, "min_child_weight": 0.029852634778139087, "min_child_samples": 108, "extra_trees": false}