{
    "model_hyperparams": { 
        "use_gaussian_noise": false, 
        "numerical_transform": null, 
        "n_layers": 2, 
        "start_units": 71, 
        "units_decay": 1, 
        "dropout_rate": 0.2097509436237979, 
        "l1_lambda": 1.3275888550529515e-05, 
        "l2_lambda": 1.0039068710859043e-05, 
        "activation": "relu"
    },
    "model_name": "WideDeepNetwork",
    "epochs": 48,
    "learning_rate": 0.00746674114886122, 
    "weight_decay": 0.004494194265134375, 
    "use_scheduler": true, 
    "scheduling_rate": 0.07807429640285264
}